last_name,first_name,title,gusto_employee_id,regular_hours,overtime_hours,double_overtime_hours,missed_break_hours,bonus,commission,paycheck_tips,cash_tips,correction_payment,custom_earning_distributed_service_charges,custom_earning_meal_break_violation,reimbursement,personal_note
Aguilar,Daisy,Prep (Primary),b4c2b5,0.0,0.0,0.0,0.0,,,,,,,,0.0,
Alcala,Guadalupe,preparadora de tortilla (Primary),1c4f55,0.0,0.0,0.0,0.0,,,,,,,,0.0,
Anistro,Carlos,dishwasher (Primary),c0fce2,0.0,0.0,0.0,0.0,,,,,,,,0.0,
Arellano,Andrik,busser (Primary),a76077,0.0,0.0,0.0,0.0,,,,,,,,0.0,
Arellano,Daisy,Server (Primary),ef8d93,0.0,0.0,0.0,0.0,,,,,,,,0.0,
Arias,Sergio,dishwasher (Primary),7efafb,0.0,0.0,0.0,0.0,,,,,,,,0.0,
Blancas Gonzalez,Aide,busser (Primary),71a235,0.0,0.0,0.0,0.0,,,,,,,,0.0,
Conchas Solorio,Luis,Taquero (Primary),4f26e0,0.0,0.0,0.0,0.0,,,,,,,,0.0,
Corrales,Alexa ,bartender (Primary),790a52,0.0,0.0,0.0,0.0,,,,,,,,0.0,
DeLaTrinidad,Marilyn,Server (Primary),4bbbae,0.0,0.0,0.0,0.0,,,,,,,,0.0,
DeLaTrinidad,Marilyn,bartender,4bbbae,0.0,0.0,0.0,0.0,,,,,,,,,
Delgado,Dustin,Prep (Primary),e24e47,0.0,0.0,0.0,0.0,,,,,,,,0.0,
Felix,Carolina,Server (Primary),5a634d,0.0,0.0,0.0,0.0,,,,,,,,0.0,
Garcia,Blas,Prep (Primary),fd53b6,0.0,0.0,0.0,0.0,,,,,,,,0.0,
Garcia,Ruben,Taquero (Primary),3cf8f1,0.0,0.0,0.0,0.0,,,,,,,,0.0,
Garcia Caudillo,Blas,bartender (Primary),3405ce,0.0,0.0,0.0,0.0,,,,,,,,0.0,
Hernandez Martinez,Alan,Taquero (Primary),0b7ca3,0.0,0.0,0.0,0.0,,,,,,,,0.0,
Hernandez Martinez,Vicente,Prep (Primary),c4f544,0.0,0.0,0.0,0.0,,,,,,,,0.0,
Inzunza Oliveros,Elmer,Taquero (Primary),b569c1,0.0,0.0,0.0,0.0,,,,,,,,0.0,
King,Viviana,Server (Primary),8fc851,0.0,0.0,0.0,0.0,,,,,,,,0.0,
Lizarraga Moreno,Fernanda,Server (Primary),06c486,0.0,0.0,0.0,0.0,,,,,,,,0.0,
Madriles González,Abraham Isaac,Taquero (Primary),4c8fec,0.0,0.0,0.0,0.0,,,,,,,,0.0,
Martinez,Lindamarie,Host (Primary),43fd4a,0.0,0.0,0.0,0.0,,,,,,,,0.0,
Martinez,Lindamarie,Server,43fd4a,0.0,0.0,0.0,0.0,,,,,,,,,
Martinez,Lindamarie,runner,43fd4a,0.0,0.0,0.0,0.0,,,,,,,,,
Martinez,Martin,Prep (Primary),b4d699,0.0,0.0,0.0,0.0,,,,,,,,0.0,
Mendoza Penaloza,Martha,preparadora de tortilla (Primary),7c79e6,0.0,0.0,0.0,0.0,,,,,,,,0.0,
Mendoza Rojo,Yahir,dishwasher (Primary),b7bc59,0.0,0.0,0.0,0.0,,,,,,,,0.0,
Miranda,Fatima,Host (Primary),f28bda,0.0,0.0,0.0,0.0,,,,,,,,0.0,
Montes,Eduardo,Taquero (Primary),54bc0b,0.0,0.0,0.0,0.0,,,,,,,,0.0,
Mora Santos,Diego,runner (Primary),ba32c2,0.0,0.0,0.0,0.0,,,,,,,,0.0,
Morales,Jazmin,Host (Primary),2e8846,0.0,0.0,0.0,0.0,,,,,,,,0.0,
Morales Guzman,Patricia,busser (Primary),eb7dae,0.0,0.0,0.0,0.0,,,,,,,,0.0,
Munoz,Octavio,runner (Primary),6fb376,0.0,0.0,0.0,0.0,,,,,,,,0.0,
Munoz,Valentina,runner (Primary),cc4759,0.0,0.0,0.0,0.0,,,,,,,,0.0,
Nunez,Alejandra,Server (Primary),a603e9,0.0,0.0,0.0,0.0,,,,,,,,0.0,
Orozco Carmona,Benjamin,Taquero (Primary),b678b6,0.0,0.0,0.0,0.0,,,,,,,,0.0,
Pacheco,Karina,Server (Primary),ae8eac,0.0,0.0,0.0,0.0,,,,,,,,0.0,
Pacheco,Karina,Lead,ae8eac,0.0,0.0,0.0,0.0,,,,,,,,,
Pineda,Reyna,Host (Primary),7e7a40,0.0,0.0,0.0,0.0,,,,,,,,0.0,
Prado,Antonia,preparadora de tortilla (Primary),7ab141,0.0,0.0,0.0,0.0,,,,,,,,0.0,
Ramirez,Matthew,Taquero (Primary),2851e4,0.0,0.0,0.0,0.0,,,,,,,,0.0,
Rubio,Javier,Taquero (Primary),edf605,0.0,0.0,0.0,0.0,,,,,,,,0.0,
Ruiz Lopez,Miguel,bartender (Primary),6acdc4,0.0,0.0,0.0,0.0,,,,,,,,0.0,
Sanchez Briseno,Jose S,Server (Primary),1f5d62,0.0,0.0,0.0,0.0,,,,,,,,0.0,
Sanchez Briseno,Jose S,bartender,1f5d62,0.0,0.0,0.0,0.0,,,,,,,,,
Sanchez Garcia,Juan,busser (Primary),b1c2ea,0.0,0.0,0.0,0.0,,,,,,,,0.0,
Soriano,Omar,Server (Primary),2a813b,0.0,0.0,0.0,0.0,,,,,,,,0.0,
Tornes,Humberto,Prep (Primary),e532d9,0.0,0.0,0.0,0.0,,,,,,,,0.0,
Valdivia Casas,Cesar,Server (Primary),46588c,0.0,0.0,0.0,0.0,,,,,,,,0.0,
Vazquez,Kris,Server (Primary),dcee23,0.0,0.0,0.0,0.0,,,,,,,,0.0,
Vazquez Rosas,Mara,Host (Primary),68043f,0.0,0.0,0.0,0.0,,,,,,,,0.0,
Vizcarra,Valery,busser (Primary),d5b60d,0.0,0.0,0.0,0.0,,,,,,,,0.0,
